dataset,iteration,run,mae,cost
14x,10,0,9.124711990356445,14870142
14x,10,1,9.25126838684082,14724342
14x,10,2,14.055191040039062,14978034
14x,10,3,9.877497673034668,14454612
14x,10,4,8.261962890625,14623740
14x,10,5,7.098276615142822,14565420
14x,10,6,7.801621913909912,14647068
14x,10,7,12.12785530090332,14584374
14x,10,8,13.547062873840332,14518764
14x,10,9,9.631195068359375,14652900
14x,10,10,9.304024696350098,14547924
14x,10,11,13.463168144226074,14772456
14x,10,12,11.751932144165039,14317560
14x,10,13,16.2012996673584,14412330
14x,10,14,8.55133056640625,14458986
14x,10,15,8.766199111938477,14679144
14x,10,16,8.835917472839355,14609160
14x,10,17,10.273191452026367,14442948
14x,10,18,7.373129367828369,14680602
14x,10,19,6.162318229675293,14851188
14x,10,20,10.789546012878418,14629572
14x,10,21,13.064859390258789,14405040
14x,10,22,7.4799652099609375,14327766
14x,10,23,10.016008377075195,14575626
14x,10,24,11.3836030960083,14453154
14x,10,25,11.759753227233887,14635404
14x,10,26,14.526666641235352,14523138
14x,10,27,7.486334323883057,14526054
14x,10,28,10.054962158203125,14699556
14x,10,29,9.891611099243164,14403582
14x,15,0,6.7728424072265625,22818348
14x,15,1,6.979893684387207,22650516
14x,15,2,9.256596565246582,22566600
14x,15,3,8.803743362426758,22852368
14x,15,4,7.154332160949707,22738968
14x,15,5,4.548752784729004,22718556
14x,15,6,8.362062454223633,22759380
14x,15,7,9.158185005187988,22552992
14x,15,8,10.884730339050293,22788864
14x,15,9,7.88689661026001,22934016
14x,15,10,4.959080696105957,22509900
14x,15,11,8.222992897033691,22521240
14x,15,12,5.956625461578369,22827420
14x,15,13,11.553227424621582,22353408
14x,15,14,8.795732498168945,22877316
14x,15,15,6.728283882141113,22684536
14x,15,16,11.04477596282959,23092776
14x,15,17,8.733183860778809,22636908
14x,15,18,10.31751537322998,23156280
14x,15,19,10.96644401550293,22503096
14x,15,20,10.397221565246582,22158360
14x,15,21,6.742138862609863,23047416
14x,15,22,4.727841377258301,22909068
14x,15,23,5.5683746337890625,22262688
14x,15,24,6.786700248718262,22691340
14x,15,25,6.1167449951171875,22636908
14x,15,26,18.97513198852539,22791132
14x,15,27,6.812823295593262,22212792
14x,15,28,3.731895923614502,22414644
14x,15,29,7.825900077819824,22378356
14x,20,0,6.373440742492676,30087450
14x,20,1,5.902880668640137,30900042
14x,20,2,4.602489948272705,31226310
14x,20,3,11.310540199279785,31244778
14x,20,4,6.309309959411621,30767688
14x,20,5,8.747079849243164,30518370
14x,20,6,9.047136306762695,30087450
14x,20,7,5.011508941650391,31192452
14x,20,8,7.260750770568848,30844638
14x,20,9,6.17171049118042,30946212
14x,20,10,9.642471313476562,30755376
14x,20,11,9.776235580444336,30736908
14x,20,12,7.9783782958984375,30838482
14x,20,13,9.474541664123535,30835404
14x,20,14,8.67055606842041,30496824
14x,20,15,7.516685485839844,30635334
14x,20,16,9.335192680358887,30764610
14x,20,17,3.8626255989074707,30872340
14x,20,18,9.101500511169434,30884652
14x,20,19,9.468551635742188,30786156
14x,20,20,11.232873916625977,30736908
14x,20,21,4.2651872634887695,30656880
14x,20,22,4.244373321533203,31410990
14x,20,23,4.884943962097168,30798468
14x,20,24,5.6307172775268555,30980070
14x,20,25,9.626116752624512,30509136
14x,20,26,6.876311302185059,31087800
14x,20,27,6.871939182281494,30302910
14x,20,28,7.623568534851074,30712284
14x,20,29,4.394158363342285,30967758
14x,25,0,4.726055145263672,38732256
14x,25,1,7.032393455505371,38743920
14x,25,2,7.519641876220703,38732256
14x,25,3,6.8511810302734375,39183264
14x,25,4,3.9118683338165283,39054960
14x,25,5,5.879162788391113,38650608
14x,25,6,11.45457649230957,38191824
14x,25,7,5.079032897949219,38568960
14x,25,8,7.7242913246154785,38382336
14x,25,9,8.122138977050781,38860560
14x,25,10,4.051277160644531,38495088
14x,25,11,4.5197343826293945,38685600
14x,25,12,5.557600021362305,38537856
14x,25,13,6.528085231781006,38938320
14x,25,14,10.414941787719727,38837232
14x,25,15,7.564720153808594,38864448
14x,25,16,7.248608589172363,39323232
14x,25,17,6.201898097991943,39400992
14x,25,18,5.305176734924316,38860560
14x,25,19,6.611887454986572,38751696
14x,25,20,3.4954841136932373,38355120
14x,25,21,4.966060161590576,39564288
14x,25,22,12.755189895629883,39191040
14x,25,23,4.440613269805908,38802240
14x,25,24,5.754617691040039,39144384
14x,25,25,4.702572822570801,38471760
14x,25,26,4.618316650390625,38448432
14x,25,27,5.0454607009887695,38327904
14x,25,28,3.857722759246826,38487312
14x,25,29,7.720101833343506,38055744
14x,30,0,6.596590995788574,45636372
14x,30,1,7.7784013748168945,47158524
14x,30,2,8.616713523864746,46590066
14x,30,3,6.391249656677246,47275974
14x,30,4,5.028515815734863,46665234
14x,30,5,4.0466132164001465,46716912
14x,30,6,4.827278137207031,46951812
14x,30,7,8.241716384887695,46425636
14x,30,8,4.49051570892334,47355840
14x,30,9,6.791800022125244,47492082
14x,30,10,7.625175476074219,46787382
14x,30,11,3.57688570022583,47586042
14x,30,12,8.35212230682373,47097450
14x,30,13,3.674447536468506,47694096
14x,30,14,8.886037826538086,47421612
14x,30,15,4.8112101554870605,47153826
14x,30,16,5.6062541007995605,46486710
14x,30,17,2.3565316200256348,45377982
14x,30,18,5.614096641540527,46528992
14x,30,19,3.4195303916931152,46970604
14x,30,20,5.054085731506348,47402820
14x,30,21,4.015724182128906,47031678
14x,30,22,3.7924132347106934,46702818
14x,30,23,8.390143394470215,46909530
14x,30,24,2.9556970596313477,46998792
14x,30,25,3.932640790939331,46693422
14x,30,26,5.618974208831787,47233692
14x,30,27,5.175457000732422,46449126
14x,30,28,8.640542984008789,47257182
14x,30,29,10.421358108520508,47003490
14x,35,0,4.9027276039123535,54540216
14x,35,1,7.310215950012207,55179144
14x,35,2,3.652696132659912,55707912
14x,35,3,2.596896171569824,53703000
14x,35,4,7.2915167808532715,55537164
14x,35,5,5.767748832702637,55801548
14x,35,6,6.705603122711182,54573264
14x,35,7,6.203969955444336,55884168
14x,35,8,2.179255247116089,55157112
14x,35,9,4.020232200622559,55829088
14x,35,10,3.455639600753784,54452088
14x,35,11,4.380977630615234,54352944
14x,35,12,4.314511299133301,54413532
14x,35,13,5.018064975738525,54931284
14x,35,14,4.473971366882324,54870696
14x,35,15,8.010041236877441,53620380
14x,35,16,5.506970405578613,55151604
14x,35,17,5.4292893409729,55603260
14x,35,18,5.349409580230713,54132624
14x,35,19,5.517589092254639,55256256
14x,35,20,3.9229836463928223,54463104
14x,35,21,2.6616296768188477,54749520
14x,35,22,6.078961372375488,56137536
14x,35,23,5.329236030578613,55812564
14x,35,24,7.208352565765381,55404972
14x,35,25,3.7994771003723145,56027376
14x,35,26,4.356764316558838,55261764
14x,35,27,7.186007499694824,55151604
14x,35,28,9.285202026367188,55460052
14x,35,29,6.184751987457275,55046952
14x,40,0,8.515615463256836,62188074
14x,40,1,3.701439380645752,63483264
14x,40,2,6.253246784210205,63413766
14x,40,3,5.129918575286865,62383932
14x,40,4,4.554144859313965,63874980
14x,40,5,3.0604662895202637,63559080
14x,40,6,7.18524694442749,63356904
14x,40,7,5.919993877410889,63451674
14x,40,8,6.278756141662598,63660168
14x,40,9,5.477490425109863,62996778
14x,40,10,6.017577171325684,63470628
14x,40,11,5.119065284729004,63717030
14x,40,12,4.9041900634765625,62225982
14x,40,13,7.933461666107178,62826192
14x,40,14,13.872011184692383,63628578
14x,40,15,9.253606796264648,62219664
14x,40,16,6.321964263916016,63085230
14x,40,17,4.884819984436035,63988704
14x,40,18,2.3377022743225098,63015732
14x,40,19,7.759787559509277,63805482
14x,40,20,6.118086814880371,62927280
14x,40,21,4.848725318908691,63407448
14x,40,22,7.879443168640137,64443600
14x,40,23,5.011592864990234,62074350
14x,40,24,5.205134868621826,62718786
14x,40,25,4.656721115112305,63123138
14x,40,26,10.905618667602539,63041004
14x,40,27,8.615753173828125,63091548
14x,40,28,3.2676093578338623,63356904
14x,40,29,4.996674060821533,62364978
14x,45,0,3.5725555419921875,71522352
14x,45,1,3.814485549926758,71914392
14x,45,2,6.7540483474731445,71073288
14x,45,3,3.7324440479278564,71643528
14x,45,4,5.843365669250488,72042696
14x,45,5,7.792901039123535,70481664
14x,45,6,7.509315490722656,70659864
14x,45,7,7.274631500244141,71237232
14x,45,8,5.315887451171875,71080416
14x,45,9,4.7481560707092285,72470376
14x,45,10,3.4312400817871094,71151696
14x,45,11,4.695542335510254,71686296
14x,45,12,5.48353910446167,70902216
14x,45,13,6.661904811859131,72056952
14x,45,14,8.590282440185547,71493840
14x,45,15,5.044505596160889,70538688
14x,45,16,7.5168776512146,71030520
14x,45,17,7.683213233947754,70046856
14x,45,18,3.614157199859619,72149616
14x,45,19,3.9887535572052,71786088
14x,45,20,6.215317726135254,72014184
14x,45,21,9.386529922485352,71080416
14x,45,22,4.919350624084473,70510176
14x,45,23,10.889299392700195,70902216
14x,45,24,7.055261135101318,71557992
14x,45,25,2.974269390106201,71807472
14x,45,26,6.64358377456665,71059032
14x,45,27,6.284182548522949,71059032
14x,45,28,4.8548760414123535,71344152
14x,45,29,5.648807525634766,70994880
14x,50,0,4.413060188293457,79761024
14x,50,1,7.19547176361084,79213302
14x,50,2,6.87005615234375,79451442
14x,50,3,7.778704643249512,79403814
14x,50,4,8.211976051330566,79252992
14x,50,5,3.50944447517395,78991038
14x,50,6,4.2332000732421875,78991038
14x,50,7,6.85582971572876,78959286
14x,50,8,4.405786991119385,77967036
14x,50,9,6.356119155883789,78538572
14x,50,10,2.6239655017852783,78355998
14x,50,11,7.968858242034912,78435378
14x,50,12,5.445984840393066,78268680
14x,50,13,4.326581001281738,79578450
14x,50,14,15.565071105957031,79737210
14x,50,15,7.738091945648193,79903908
14x,50,16,4.813650131225586,79864218
14x,50,17,4.981327056884766,78594138
14x,50,18,8.596996307373047,78617952
14x,50,19,6.446909427642822,78371874
14x,50,20,9.883180618286133,78689394
14x,50,21,4.325575351715088,80348436
14x,50,22,6.422633171081543,78197238
14x,50,23,2.578895330429077,78697332
14x,50,24,2.9438955783843994,78744960
14x,50,25,3.448134660720825,79276806
14x,50,26,8.49245834350586,80261118
14x,50,27,5.08489990234375,79141860
14x,50,28,5.3423051834106445,81340686
14x,50,29,6.485980987548828,79038666
14x,55,0,6.024268627166748,87462504
14x,55,1,3.740912914276123,86290272
14x,55,2,4.608449935913086,88494768
14x,55,3,8.20928955078125,87173820
14x,55,4,4.234313488006592,87147576
14x,55,5,3.6372809410095215,87908652
14x,55,6,8.085137367248535,86473980
14x,55,7,7.38299036026001,85852872
14x,55,8,8.846834182739258,87742440
14x,55,9,6.3908820152282715,87095088
14x,55,10,6.016830921173096,87532488
14x,55,11,9.253707885742188,86745168
14x,55,12,5.726266860961914,87541236
14x,55,13,4.356515407562256,86710176
14x,55,14,4.4696149826049805,87952392
14x,55,15,5.619967460632324,86054076
14x,55,16,2.1295006275177,87847416
14x,55,17,3.3581671714782715,86167800
14x,55,18,4.434502601623535,87873660
14x,55,19,6.481715202331543,86167800
14x,55,20,7.622544765472412,87313788
14x,55,21,7.429499626159668,87322536
14x,55,22,6.254018306732178,88162344
14x,55,23,5.64711856842041,87147576
14x,55,24,7.4630327224731445,87182568
14x,55,25,4.718825340270996,88346052
14x,55,26,4.935771942138672,88004880
14x,55,27,4.57956600189209,86666436
14x,55,28,3.4835057258605957,88695972
14x,55,29,4.209453582763672,87646212
14x,60,0,6.201150894165039,94614642
14x,60,1,4.805268287658691,94834476
14x,60,2,6.369009971618652,94719780
14x,60,3,2.251757860183716,93955140
14x,60,4,4.7418365478515625,95838066
14x,60,5,4.2370429039001465,95876298
14x,60,6,6.251862525939941,94595526
14x,60,7,6.491532325744629,97424694
14x,60,8,6.2411208152771,95216796
14x,60,9,5.7295427322387695,94968288
14x,60,10,6.216554641723633,94108068
14x,60,11,4.249476432800293,94796244
14x,60,12,6.059980869293213,95723370
14x,60,13,4.642971992492676,97042374
14x,60,14,4.946141719818115,94729338
14x,60,15,7.133118629455566,94203648
14x,60,16,5.231045722961426,95207238
14x,60,17,3.806206226348877,93993372
14x,60,18,5.0185112953186035,96038784
14x,60,19,3.5295448303222656,93075804
14x,60,20,4.15722131729126,95407956
14x,60,21,4.357073783874512,97032816
14x,60,22,7.276885032653809,95493978
14x,60,23,9.660017013549805,95006520
14x,60,24,5.597752571105957,95102100
14x,60,25,10.922331809997559,94777128
14x,60,26,4.500540733337402,94930056
14x,60,27,8.441858291625977,95465304
14x,60,28,3.6570053100585938,93037572
14x,60,29,7.790600776672363,94509504
14x,65,0,5.123800754547119,104644224
14x,65,1,9.015054702758789,104302080
14x,65,2,8.384114265441895,103876992
14x,65,3,5.636076927185059,107236224
14x,65,4,7.21633243560791,104644224
14x,65,5,6.728453636169434,104239872
14x,65,6,7.41339111328125,103140864
14x,65,7,10.096212387084961,103171968
14x,65,8,3.4072518348693848,101637504
14x,65,9,8.11492919921875,103503744
14x,65,10,2.9204182624816895,103472640
14x,65,11,3.4307167530059814,104032512
14x,65,12,5.6213765144348145,104177664
14x,65,13,3.948087692260742,102881664
14x,65,14,5.6728668212890625,101378304
14x,65,15,4.589617729187012,102166272
14x,65,16,4.131744384765625,104343552
14x,65,17,5.760454177856445,104063616
14x,65,18,6.4762282371521,102881664
14x,65,19,6.86559534072876,105058944
14x,65,20,7.669120788574219,105525504
14x,65,21,5.84536600112915,103949568
14x,65,22,5.652718544006348,103534848
14x,65,23,4.111466407775879,102923136
14x,65,24,5.040698528289795,103503744
14x,65,25,4.639897346496582,104156928
14x,65,26,4.999244689941406,104063616
14x,65,27,5.680169582366943,102394368
14x,65,28,5.7172651290893555,104893056
14x,65,29,6.050957679748535,102549888
14x,70,0,7.84119176864624,113736150
14x,70,1,3.189305543899536,111008718
14x,70,2,4.463598728179932,112271832
14x,70,3,6.763455390930176,111209922
14x,70,4,6.65884256362915,110125656
14x,70,5,4.527451038360596,111042252
14x,70,6,3.632253646850586,110360394
14x,70,7,6.358438491821289,111165210
14x,70,8,3.4757447242736816,110606310
14x,70,9,2.4221878051757812,111768822
14x,70,10,6.040606498718262,110304504
14x,70,11,8.006522178649902,111500550
14x,70,12,7.284904479980469,112059450
14x,70,13,7.32818078994751,109410264
14x,70,14,6.554027557373047,109074924
14x,70,15,11.20682144165039,112160052
14x,70,16,4.9564642906188965,112092984
14x,70,17,4.803034782409668,110695734
14x,70,18,7.706263542175293,113411988
14x,70,19,3.089970827102661,110583954
14x,70,20,7.201589107513428,112182408
14x,70,21,8.085090637207031,109957986
14x,70,22,3.1220054626464844,111209922
14x,70,23,4.383635520935059,109913274
14x,70,24,3.680022716522217,113758506
14x,70,25,2.5176031589508057,112316544
14x,70,26,5.010422706604004,111690576
14x,70,27,3.4699459075927734,109555578
14x,70,28,4.27849817276001,112350078
14x,70,29,5.878931045532227,111344058
14x,75,0,5.126444339752197,119352528
14x,75,1,5.202844142913818,121917960
14x,75,2,8.275774002075195,120407472
14x,75,3,6.10167121887207,118621260
14x,75,4,8.205314636230469,119292588
14x,75,5,3.0041186809539795,120839040
14x,75,6,6.098809242248535,119508372
14x,75,7,8.344210624694824,119544336
14x,75,8,2.5180346965789795,119436444
14x,75,9,3.396289825439453,119196684
14x,75,10,4.255721092224121,119808072
14x,75,11,6.564522743225098,118837044
14x,75,12,5.375439643859863,117614268
14x,75,13,5.915538311004639,121917960
14x,75,14,3.337993621826172,119903976
14x,75,15,4.899421215057373,120611268
14x,75,16,5.975936412811279,120299580
14x,75,17,2.5877416133880615,122289588
14x,75,18,4.385826587677002,121162716
14x,75,19,7.194807529449463,120539340
14x,75,20,2.5513386726379395,119592288
14x,75,21,7.470175266265869,120635244
14x,75,22,3.9256839752197266,121618260
14x,75,23,7.434303283691406,118417464
14x,75,24,6.227014064788818,120299580
14x,75,25,9.970839500427246,118873008
14x,75,26,3.5929012298583984,120299580
14x,75,27,5.068917274475098,120203676
14x,75,28,9.103371620178223,120503376
14x,75,29,5.206753730773926,121558320
14x,80,0,3.46513295173645,126316260
14x,80,1,5.341094970703125,128159172
14x,80,2,2.585289716720581,127301706
14x,80,3,4.687191963195801,127250514
14x,80,4,5.816319942474365,128799072
14x,80,5,3.7084221839904785,128555910
14x,80,6,2.295236110687256,126712998
14x,80,7,8.757654190063477,129195810
14x,80,8,5.373298168182373,127263312
14x,80,9,2.862225294113159,128031192
14x,80,10,7.090414524078369,130322034
14x,80,11,3.8043739795684814,127442484
14x,80,12,8.436284065246582,126751392
14x,80,13,7.800487518310547,128427930
14x,80,14,3.421236515045166,128479122
14x,80,15,4.201041221618652,129477366
14x,80,16,6.911012172698975,129592548
14x,80,17,5.59412145614624,127775232
14x,80,18,7.035813331604004,126764190
14x,80,19,8.236883163452148,126444240
14x,80,20,9.547950744628906,131000328
14x,80,21,5.923558235168457,129886902
14x,80,22,6.505744934082031,127378494
14x,80,23,6.281302452087402,128875860
14x,80,24,3.3959851264953613,123871842
14x,80,25,6.4933576583862305,128581506
14x,80,26,5.98391580581665,128005596
14x,80,27,4.958226203918457,127212120
14x,80,28,10.003204345703125,128171970
14x,80,29,2.82700777053833,125804340
14x,85,0,9.313570022583008,135277128
14x,85,1,1.995301604270935,136229688
14x,85,2,3.955568790435791,134487864
14x,85,3,2.6455585956573486,135848664
14x,85,4,5.891290664672852,134202096
14x,85,5,4.513038158416748,136855656
14x,85,6,6.2158002853393555,135385992
14x,85,7,5.2303290367126465,135154656
14x,85,8,9.067747116088867,136297728
14x,85,9,8.360332489013672,137263896
14x,85,10,6.956172943115234,137318328
14x,85,11,4.0694169998168945,134283744
14x,85,12,2.987868547439575,138338928
14x,85,13,6.584791660308838,134991360
14x,85,14,4.329529762268066,136474632
14x,85,15,7.402512550354004,136039176
14x,85,16,7.411567687988281,139590864
14x,85,17,4.205157279968262,134270136
14x,85,18,4.166154861450195,137100600
14x,85,19,8.487707138061523,135467640
14x,85,20,3.305529832839966,136665144
14x,85,21,4.726661682128906,137726568
14x,85,22,5.353099822998047,136080000
14x,85,23,8.312280654907227,136229688
14x,85,24,6.742720127105713,136556280
14x,85,25,7.143416404724121,136324944
14x,85,26,6.022458553314209,138148416
14x,85,27,7.093944549560547,136284120
14x,85,28,2.958477020263672,135059400
14x,85,29,5.817293643951416,136080000
14x,90,0,5.664060592651367,141772194
14x,90,1,8.60228157043457,142752618
14x,90,2,10.716482162475586,144006984
14x,90,3,5.707884311676025,145275768
14x,90,4,7.946864128112793,144569286
14x,90,5,2.143791675567627,142204734
14x,90,6,5.368297576904297,145607382
14x,90,7,7.4212188720703125,142161480
14x,90,8,3.587294816970825,142565184
14x,90,9,6.527283668518066,143026560
14x,90,10,7.612168788909912,142132644
14x,90,11,12.353815078735352,145333440
14x,90,12,8.757601737976074,143689788
14x,90,13,4.353333473205566,143415846
14x,90,14,3.1421425342559814,144381852
14x,90,15,4.162060737609863,142392168
14x,90,16,5.578689098358154,143718624
14x,90,17,4.717137336730957,142983306
14x,90,18,9.247086524963379,142767036
14x,90,19,5.143446922302246,144165582
14x,90,20,11.004215240478516,143502354
14x,90,21,6.415318489074707,147957516
14x,90,22,7.0061540603637695,143012142
14x,90,23,7.346704006195068,142118226
14x,90,24,3.877581834793091,145722726
14x,90,25,8.232126235961914,144915318
14x,90,26,4.41152286529541,142853544
14x,90,27,4.511324882507324,142867962
14x,90,28,3.725609302520752,144381852
14x,90,29,5.11324405670166,141700104
14x,95,0,3.5287232398986816,153056628
14x,95,1,6.314757347106934,151868844
14x,95,2,4.9646196365356445,151747020
14x,95,3,5.223410129547119,150879024
14x,95,4,4.738648414611816,152249544
14x,95,5,8.168803215026855,152995716
14x,95,6,5.3328046798706055,153010944
14x,95,7,7.813429355621338,152904348
14x,95,8,8.435877799987793,153193680
14x,95,9,11.605966567993164,151655652
14x,95,10,6.525284767150879,153894168
14x,95,11,3.4882168769836426,154229184
14x,95,12,4.877434730529785,152051580
14x,95,13,6.4858880043029785,152249544
14x,95,14,9.247639656066895,149904432
14x,95,15,6.038261413574219,152508420
14x,95,16,5.48710298538208,150132852
14x,95,17,7.669859409332275,150041484
14x,95,18,9.724615097045898,152264772
14x,95,19,3.822918653488159,152736840
14x,95,20,2.5668962001800537,149843520
14x,95,21,3.5091240406036377,152417052
14x,95,22,6.515071868896484,155736756
14x,95,23,3.6534323692321777,152615016
14x,95,24,7.2409257888793945,152340912
14x,95,25,6.8998236656188965,152249544
14x,95,26,4.381447792053223,148990752
14x,95,27,5.958591938018799,152356140
14x,95,28,3.195146322250366,149417136
14x,95,29,7.37536096572876,151351092
7x,10,0,11.987142562866211,25575264
7x,10,1,7.297362327575684,26002944
7x,10,2,6.577306270599365,25964064
7x,10,3,7.872077941894531,26015904
7x,10,4,14.71031379699707,25645248
7x,10,5,11.118605613708496,25798176
7x,10,6,13.968104362487793,25772256
7x,10,7,12.53738021850586,25842240
7x,10,8,10.670761108398438,26192160
7x,10,9,10.54423713684082,25808544
7x,10,10,10.450657844543457,26186976
7x,10,11,8.185938835144043,25795584
7x,10,12,9.725322723388672,25746336
7x,10,13,6.443255424499512,25318656
7x,10,14,11.352235794067383,26223264
7x,10,15,128.0,25453440
7x,10,16,7.778688907623291,25847424
7x,10,17,13.87542724609375,25357536
7x,10,18,11.04747486114502,25777440
7x,10,19,8.05048942565918,25824096
7x,10,20,12.014504432678223,25831872
7x,10,21,12.799338340759277,26039232
7x,10,22,8.858745574951172,26389152
7x,10,23,8.250351905822754,25803360
7x,10,24,6.317721366882324,25728192
7x,10,25,7.6288628578186035,26067744
7x,10,26,8.953985214233398,26192160
7x,10,27,10.173303604125977,25751520
7x,10,28,15.436413764953613,25907040
7x,10,29,7.594337463378906,25468992
7x,15,0,7.15686559677124,40642560
7x,15,1,8.451720237731934,40489344
7x,15,2,5.505650520324707,40287744
7x,15,3,5.3228759765625,40428864
7x,15,4,4.360121726989746,40590144
7x,15,5,8.295965194702148,40807872
7x,15,6,4.678455352783203,40549824
7x,15,7,9.44099235534668,40110336
7x,15,8,5.145047664642334,40541760
7x,15,9,11.076812744140625,40440960
7x,15,10,4.541678428649902,40501440
7x,15,11,7.377508640289307,41509440
7x,15,12,8.595254898071289,40061952
7x,15,13,5.139543533325195,40150656
7x,15,14,4.127291202545166,39973248
7x,15,15,4.170467376708984,40533696
7x,15,16,2.657034158706665,39912768
7x,15,17,3.144573211669922,40420800
7x,15,18,8.128103256225586,40299840
7x,15,19,6.8162736892700195,40440960
7x,15,20,8.864553451538086,40025664
7x,15,21,7.40945291519165,40908672
7x,15,22,9.48179817199707,40525632
7x,15,23,4.843358039855957,39364416
7x,15,24,2.480119228363037,39985344
7x,15,25,6.88006591796875,40009536
7x,15,26,7.995507717132568,39787776
7x,15,27,7.983604431152344,40223232
7x,15,28,4.96543025970459,39880512
7x,15,29,4.749352931976318,40114368
7x,20,0,3.48968505859375,53860896
7x,20,1,7.054591178894043,54845856
7x,20,2,2.340594530105591,54988128
7x,20,3,2.399712085723877,54922464
7x,20,4,7.145058631896973,54517536
7x,20,5,6.0334272384643555,53636544
7x,20,6,6.524341583251953,54118080
7x,20,7,3.043229579925537,55600992
7x,20,8,3.004133939743042,54468288
7x,20,9,6.111699104309082,54588672
7x,20,10,3.415576934814453,55278144
7x,20,11,4.5273895263671875,54178272
7x,20,12,2.6360697746276855,54993600
7x,20,13,7.474584102630615,54435456
7x,20,14,3.3196518421173096,54823968
7x,20,15,3.0682897567749023,54320544
7x,20,16,2.589172840118408,55146816
7x,20,17,3.115056276321411,53806176
7x,20,18,4.381836891174316,55168704
7x,20,19,6.463360786437988,54030528
7x,20,20,3.633793592453003,54752832
7x,20,21,5.146711826324463,54408096
7x,20,22,2.767890453338623,54900576
7x,20,23,4.222601413726807,54194688
7x,20,24,8.824155807495117,54747360
7x,20,25,6.132891654968262,53992224
7x,20,26,6.294519424438477,54358848
7x,20,27,2.803471565246582,54654336
7x,20,28,3.142638683319092,54725472
7x,20,29,6.066235542297363,54555840
7x,25,0,1.3444937467575073,68442624
7x,25,1,5.017120361328125,68532480
7x,25,2,4.125564098358154,69320448
7x,25,3,5.535277366638184,68297472
7x,25,4,5.98256778717041,68525568
7x,25,5,3.2844340801239014,69196032
7x,25,6,6.256950378417969,69907968
7x,25,7,6.705458164215088,69341184
7x,25,8,2.3009440898895264,68000256
7x,25,9,6.661698818206787,68788224
7x,25,10,3.824779987335205,68394240
7x,25,11,7.314709663391113,69811200
7x,25,12,4.93220329284668,68878080
7x,25,13,5.642053127288818,69907968
7x,25,14,5.159131050109863,70384896
7x,25,15,5.774971961975098,69389568
7x,25,16,6.903704643249512,69355008
7x,25,17,6.969125270843506,69306624
7x,25,18,4.175784111022949,69251328
7x,25,19,3.1987621784210205,69223680
7x,25,20,6.084573268890381,69078528
7x,25,21,6.464977264404297,69285888
7x,25,22,2.71268892288208,69154560
7x,25,23,8.694646835327148,69071616
7x,25,24,2.2933216094970703,69562368
7x,25,25,6.181002616882324,69852672
7x,25,26,4.1461896896362305,69424128
7x,25,27,5.256688117980957,70219008
7x,25,28,6.295962333679199,67896576
7x,25,29,5.19835901260376,67633920
7x,30,0,7.4614362716674805,82534464
7x,30,1,6.927464962005615,83728800
7x,30,2,2.2033450603485107,83286144
7x,30,3,4.70774507522583,84288384
7x,30,4,3.5199012756347656,83319552
7x,30,5,9.494848251342773,83453184
7x,30,6,3.168570041656494,83419776
7x,30,7,3.5539402961730957,84021120
7x,30,8,4.402260780334473,84004416
7x,30,9,6.064878940582275,81632448
7x,30,10,3.2573673725128174,82668096
7x,30,11,3.981067180633545,83294496
7x,30,12,1.9674055576324463,83386368
7x,30,13,5.1385178565979,84154752
7x,30,14,3.7525298595428467,82567872
7x,30,15,5.449873924255371,84263328
7x,30,16,5.341435432434082,82860192
7x,30,17,3.450702667236328,83185920
7x,30,18,5.580782890319824,83486592
7x,30,19,8.417442321777344,83611872
7x,30,20,6.556375980377197,83018880
7x,30,21,3.5421805381774902,82927008
7x,30,22,2.8438801765441895,82192032
7x,30,23,6.881779670715332,84639168
7x,30,24,3.2317326068878174,82292256
7x,30,25,4.195420265197754,82684800
7x,30,26,4.995457649230957,83787264
7x,30,27,2.7844479084014893,83444832
7x,30,28,5.663936138153076,82893600
7x,30,29,6.97487735748291,84497184
7x,35,0,3.0928425788879395,99202752
7x,35,1,3.4309616088867188,97949376
7x,35,2,3.5596683025360107,98507520
7x,35,3,5.141061305999756,100113408
7x,35,4,2.5297975540161133,99849024
7x,35,5,5.591738224029541,98566272
7x,35,6,6.865581512451172,96970176
7x,35,7,4.942597389221191,97410816
7x,35,8,5.747196197509766,97959168
7x,35,9,2.0274834632873535,97861248
7x,35,10,3.352019786834717,97880832
7x,35,11,5.352161407470703,98948160
7x,35,12,4.399173736572266,98458560
7x,35,13,2.3688039779663086,98556480
7x,35,14,5.994279384613037,99153792
7x,35,15,3.4152965545654297,96314112
7x,35,16,2.2839035987854004,98654400
7x,35,17,6.1231184005737305,99173376
7x,35,18,2.097877025604248,98184384
7x,35,19,3.1469693183898926,98321472
7x,35,20,2.3976736068725586,97861248
7x,35,21,1.8968271017074585,96343488
7x,35,22,3.0137758255004883,98164800
7x,35,23,8.01303768157959,97352064
7x,35,24,2.4590797424316406,96705792
7x,35,25,3.7988247871398926,98585856
7x,35,26,5.624327659606934,97449984
7x,35,27,5.5952019691467285,97293312
7x,35,28,8.36306381225586,98243136
7x,35,29,6.184008598327637,96245568
7x,40,0,4.159482479095459,112252608
7x,40,1,2.3461194038391113,112600800
7x,40,2,6.161287307739258,113555520
7x,40,3,5.748322486877441,111870720
7x,40,4,3.0806732177734375,113375808
7x,40,5,6.109663963317871,112297536
7x,40,6,3.4027373790740967,110096064
7x,40,7,3.0921170711517334,113780160
7x,40,8,9.91291618347168,112656960
7x,40,9,3.4333693981170654,112230144
7x,40,10,2.099364757537842,112769280
7x,40,11,4.760023593902588,111376512
7x,40,12,5.868709087371826,111926880
7x,40,13,2.6298470497131348,110477952
7x,40,14,2.876143217086792,112971456
7x,40,15,5.3980817794799805,113521824
7x,40,16,4.502774238586426,111646080
7x,40,17,3.4629650115966797,110983392
7x,40,18,9.658193588256836,111500064
7x,40,19,8.68099594116211,113409504
7x,40,20,3.0826992988586426,112567104
7x,40,21,5.696943759918213,112701888
7x,40,22,5.011230945587158,113431968
7x,40,23,2.524085521697998,112275072
7x,40,24,2.890270471572876,111410208
7x,40,25,3.2065467834472656,112533408
7x,40,26,2.533595561981201,113555520
7x,40,27,6.168705940246582,110680128
7x,40,28,3.3346199989318848,113005152
7x,40,29,6.390769004821777,110781216
7x,45,0,2.617405414581299,127454976
7x,45,1,2.573179244995117,127835136
7x,45,2,7.287221431732178,125959680
7x,45,3,3.7679641246795654,124920576
7x,45,4,4.785506248474121,127784448
7x,45,5,2.625377655029297,127454976
7x,45,6,3.887751340866089,127645056
7x,45,7,3.088378667831421,127923840
7x,45,8,4.511740684509277,128937600
7x,45,9,2.990065813064575,123590016
7x,45,10,2.2667572498321533,127999872
7x,45,11,6.64300537109375,127340928
7x,45,12,3.142152786254883,127569024
7x,45,13,7.062124729156494,125326080
7x,45,14,4.236233711242676,125199360
7x,45,15,5.13149356842041,127214208
7x,45,16,2.19960355758667,129191040
7x,45,17,7.5046210289001465,127454976
7x,45,18,5.478936672210693,125541504
7x,45,19,4.41854190826416,123552000
7x,45,20,5.388494491577148,125072640
7x,45,21,2.4441380500793457,127847808
7x,45,22,5.426982402801514,126542592
7x,45,23,3.4282584190368652,129609216
7x,45,24,2.449662208557129,128126592
7x,45,25,2.1836154460906982,128570112
7x,45,26,5.416162490844727,124185600
7x,45,27,5.769109725952148,126010368
7x,45,28,3.9357070922851562,124831872
7x,45,29,2.5945935249328613,126365184
7x,50,0,7.468031406402588,141035328
7x,50,1,2.3397274017333984,139384224
7x,50,2,2.6807446479797363,142390080
7x,50,3,4.272774696350098,141148224
7x,50,4,3.3615105152130127,138622176
7x,50,5,4.419520854949951,139214880
7x,50,6,2.94781231880188,139765248
7x,50,7,2.1724627017974854,140527296
7x,50,8,3.3686110973358154,140922432
7x,50,9,4.649622917175293,140541408
7x,50,10,1.884819746017456,142404192
7x,50,11,2.182291269302368,142432416
7x,50,12,4.188210964202881,140315616
7x,50,13,4.318194389343262,139525344
7x,50,14,3.048898220062256,140089824
7x,50,15,4.0190300941467285,139948704
7x,50,16,2.700793981552124,141825600
7x,50,17,5.236172199249268,144732672
7x,50,18,3.062059164047241,142136064
7x,50,19,1.7398360967636108,141740928
7x,50,20,6.044643402099609,139779360
7x,50,21,2.4258689880371094,141374016
7x,50,22,4.662096977233887,141176448
7x,50,23,3.334484815597534,143053344
7x,50,24,4.311774253845215,141261120
7x,50,25,3.345559597015381,141726816
7x,50,26,1.4610092639923096,141825600
7x,50,27,2.4200916290283203,139751136
7x,50,28,3.9130992889404297,142263072
7x,50,29,5.26535701751709,138735072
7x,55,0,2.8320555686950684,156079872
7x,55,1,4.890274524688721,154929024
7x,55,2,2.897768974304199,154073664
7x,55,3,9.11434268951416,155768832
7x,55,4,3.7432193756103516,156095424
7x,55,5,7.630284309387207,153031680
7x,55,6,3.3249752521514893,152798400
7x,55,7,1.7793909311294556,155037888
7x,55,8,8.523823738098145,157324032
7x,55,9,5.544362545013428,155862144
7x,55,10,5.158877849578857,154929024
7x,55,11,6.308554649353027,156219840
7x,55,12,2.6575732231140137,156950784
7x,55,13,2.22709584236145,154695744
7x,55,14,2.296926259994507,157044096
7x,55,15,7.8070068359375,155908800
7x,55,16,1.765759825706482,153140544
7x,55,17,3.780886173248291,157012992
7x,55,18,3.4916160106658936,155971008
7x,55,19,3.3662502765655518,153202752
7x,55,20,5.982455253601074,152658432
7x,55,21,6.316798686981201,155784384
7x,55,22,3.5250186920166016,154711296
7x,55,23,3.3396053314208984,155317824
7x,55,24,1.924299955368042,153358272
7x,55,25,2.81604266166687,155286720
7x,55,26,2.9151129722595215,158817024
7x,55,27,5.123158931732178,154851264
7x,55,28,2.9492440223693848,154804608
7x,55,29,3.009808301925659,154680192
